id;first_name;last_name;login;password;role;email
1;Arch;Streich;eek;solemnly meaningfully;finally;Daisha73@yahoo.com
2;Jerald;Dickinson;strictly;ack;finally normal but;Krystel_OReilly@hotmail.com
3;Silas;Mueller;nickname um valid;about anoint;razor;Mikayla25@hotmail.com
4;Providenci;McGlynn;eek;what;tremendous control;Seth_Schoen@gmail.com
5;Rubie;Wilderman;runny since;knottily by as;playfully;Alexandrine.Rippin@hotmail.com
6;Jayson;Stoltenberg-Abshire;against occurrence;past neatly;skedaddle;Godfrey.Stokes@yahoo.com
7;Reanna;Bins;dispense staircase;glug black brightly;pin;Rylan.Purdy48@gmail.com
8;Derick;Sauer;normalisation;yum instead deal;defenseless;Deangelo_Christiansen23@yahoo.com
9;Salvatore;Romaguera;supposing;or;uh-huh through anti;Clemens_Ernser@gmail.com
10;Carlotta;Hane;until;successfully;corporatism brr although;Judy_Ryan19@hotmail.com
