id;first_name;last_name;user_name;password;login;email;image_url;activated
1;Elza;Cremin;whenever;gleaming;"Xx8hRw@yOSR\$Rjm\DOZ1H5\tQ\KSCLIK";Ben_Grimes73@yahoo.com;bench;false
2;Casey;Strosin;usefully;authorization atop;"_@4";Winnifred.Murphy@hotmail.com;bushwhack bridle huzzah;true
3;Tyrese;Keebler;or;briefly solemnly;"qyo*D@cB";Kyra.Feest63@gmail.com;curly whoa aha;true
4;Imani;Wisoky;about rail;fondly whoosh meanwhile;"cLbVJ";Brown32@gmail.com;sleeping oof through;true
5;Cindy;Daniel;headlight;inside aw although;"mz-";Louvenia36@hotmail.com;excerpt panhandle array;false
6;Modesta;Blanda;like;invert;"TM|@t\mRaPu7\tw";Fredy_Donnelly@hotmail.com;convince opposite;true
7;Adell;Stamm;comma;sentencing;"o3p@Q0we1d\hHAql";Ana.Walsh@gmail.com;offence;false
8;Wallace;Altenwerth;delightfully timing crisp;wary meanwhile;"-iyjn_";Barbara_Borer@gmail.com;powerfully;true
9;Pinkie;Dicki;wherever incidentally witty;birdbath and athwart;"@78";Mariela.Bechtelar@gmail.com;mmm as pfft;false
10;Otto;Stokes;aggradation failing video;sorghum insure;"H3r}0J@n\>4J\IB18A\,NVHPT\Bfd";Mateo.Wunsch30@yahoo.com;er than;false
